{
    "cameraMat": [[906.12254425, 0, 480.61686676],
                [0, 907.60419136, 365.91405281],
                [0, 0, 1 ]],
    "distortionCoef": [5.98732329e-02, -9.17455104e-01, -8.29043076e-04, -2.75633033e-03, 2.40727080e+00]
}